{
  "mean_reward": 40.30912802038229,
  "reward_variance": 0.1046312638897597,
  "episodes": 5
}