{
  "agent_0": {
    "switch_rate": 0.7575757575757576,
    "no_op_ratio": 0.058823529411764705,
    "entropy": 1.5036957436133327
  },
  "agent_1": {
    "switch_rate": 0.6666666666666666,
    "no_op_ratio": 0.14705882352941177,
    "entropy": 1.5735670442702412
  },
  "agent_2": {
    "switch_rate": 0.8787878787878788,
    "no_op_ratio": 0.23529411764705882,
    "entropy": 1.5814692394046066
  }
}